HubID,Coordinates
A,"(33.001271,-96.72424)"
B,"(32.456352,-102.500041)"
C,"(29.256304,-95.21159)"
D,"(29.486698,-98.446764)"
